Ship Date,Ship Mode,sk_shipping
2016-11-11,Second Class,1
2016-06-16,Second Class,2
2015-10-18,Standard Class,3
2014-06-14,Standard Class,4
2017-04-20,Standard Class,5
2016-12-10,Standard Class,6
2015-11-26,Standard Class,7
2014-11-18,Standard Class,8
2014-05-15,Second Class,9
2014-09-01,Second Class,10
2016-12-13,Standard Class,11
2017-07-18,Second Class,12
2015-09-30,Standard Class,13
2016-01-20,Second Class,14
2015-09-21,Standard Class,15
2017-10-23,Second Class,16
2016-12-10,First Class,17
2015-12-31,Standard Class,18
2017-09-15,Standard Class,19
2016-07-22,Standard Class,20
2017-09-23,Standard Class,21
2016-03-13,First Class,22
2014-10-25,Second Class,23
2016-06-25,Standard Class,24
2015-04-22,Standard Class,25
2016-12-17,Standard Class,26
2016-06-18,First Class,27
2015-11-30,Standard Class,28
2015-05-05,Standard Class,29
2014-12-10,Standard Class,30
2016-06-06,First Class,31
2016-09-23,Standard Class,32
2017-09-17,Second Class,33
2015-05-02,Standard Class,34
2017-12-11,First Class,35
2014-12-01,Second Class,36
2016-06-15,First Class,37
2014-10-16,Standard Class,38
2015-09-08,Standard Class,39
2017-11-16,First Class,40
2017-05-30,Second Class,41
2017-11-02,Standard Class,42
2016-04-10,Second Class,43
2016-09-22,Standard Class,44
2015-02-05,Second Class,45
2017-11-12,Standard Class,46
2017-11-11,Second Class,47
2017-06-20,First Class,48
2016-09-11,Standard Class,49
2016-09-02,Standard Class,50
2016-12-04,Second Class,51
2015-11-17,Standard Class,52
2017-11-28,Standard Class,53
2015-10-20,Standard Class,54
2017-12-30,Standard Class,55
2016-11-10,Standard Class,56
2014-08-27,Second Class,57
2015-03-06,Standard Class,58
2015-04-10,Standard Class,59
2014-12-28,Second Class,60
2014-09-25,Standard Class,61
2016-11-10,Second Class,62
2017-02-05,First Class,63
2016-10-19,Standard Class,64
2016-09-07,Second Class,65
2017-12-27,Standard Class,66
2015-09-12,Standard Class,67
2014-10-28,Standard Class,68
2016-12-09,Standard Class,69
2016-03-16,First Class,70
2015-06-02,First Class,71
2015-06-03,Standard Class,72
2014-03-06,Second Class,73
2016-11-24,Standard Class,74
2016-05-12,First Class,75
2015-12-31,Second Class,76
2016-11-20,Standard Class,77
2016-11-11,Standard Class,78
2014-09-12,Standard Class,79
2014-08-09,Standard Class,80
2014-09-19,Standard Class,81
2017-04-25,Second Class,82
2015-11-23,Second Class,83
2015-12-19,Standard Class,84
2014-12-09,Second Class,85
2014-11-24,Second Class,86
2016-12-02,Standard Class,87
2014-08-30,Standard Class,88
2015-10-14,First Class,89
2015-11-06,Standard Class,90
2014-03-25,Standard Class,91
2017-11-13,Standard Class,92
2017-07-13,Standard Class,93
2017-06-29,Standard Class,94
2014-08-05,First Class,95
2017-12-21,Second Class,96
2017-06-07,Standard Class,97
2017-12-14,Standard Class,98
2017-12-07,Standard Class,99
2015-02-13,Second Class,100
2015-01-09,Standard Class,101
2016-11-01,Standard Class,102
2015-12-27,First Class,103
2015-08-16,Standard Class,104
2015-03-04,Standard Class,105
2014-09-17,Standard Class,106
2017-04-12,Standard Class,107
2017-11-16,Standard Class,108
2016-06-09,Second Class,109
2014-06-06,Second Class,110
2016-12-15,Second Class,111
2016-09-17,Standard Class,112
2016-12-13,First Class,113
2015-12-04,Standard Class,114
2017-12-03,Second Class,115
2017-06-12,Standard Class,116
2014-09-21,Second Class,117
2016-06-13,Standard Class,118
2015-11-15,Standard Class,119
2017-06-20,Standard Class,120
2016-01-28,Standard Class,121
2017-12-13,Standard Class,122
2018-01-02,Second Class,123
2015-07-31,First Class,124
2017-09-17,First Class,125
2017-10-17,Standard Class,126
2015-09-28,Second Class,127
2015-10-02,Standard Class,128
2016-12-20,Second Class,129
2016-11-24,Second Class,130
2014-12-28,First Class,131
2016-11-03,Standard Class,132
2017-11-23,Standard Class,133
2015-05-09,Second Class,134
2015-01-04,Standard Class,135
2014-06-06,Standard Class,136
2017-04-17,First Class,137
2016-09-14,Second Class,138
2014-10-03,Standard Class,139
2014-08-16,Standard Class,140
2014-12-30,First Class,141
2014-11-09,Standard Class,142
2014-09-24,Standard Class,143
2016-04-27,Standard Class,144
2017-11-05,Second Class,145
2016-09-01,First Class,146
2016-04-29,Second Class,147
2015-09-04,Second Class,148
2014-07-17,Standard Class,149
2015-06-26,Second Class,150
2014-04-17,Second Class,151
2015-12-24,Standard Class,152
2017-06-19,Standard Class,153
2017-07-12,Standard Class,154
2016-09-03,First Class,155
2016-04-13,Standard Class,156
2016-04-28,Standard Class,157
2017-03-11,First Class,158
2017-10-01,Standard Class,159
2014-09-29,Standard Class,160
2016-10-21,Same Day,161
2017-06-04,Standard Class,162
2014-07-27,Standard Class,163
2016-10-01,First Class,164
2017-09-01,Standard Class,165
2016-10-29,First Class,166
2015-06-29,Second Class,167
2015-12-02,Standard Class,168
2015-12-07,Standard Class,169
2014-11-26,First Class,170
2017-12-15,Standard Class,171
2014-09-23,Second Class,172
2014-06-10,Second Class,173
2017-07-05,Standard Class,174
2017-10-19,Second Class,175
2015-11-04,Standard Class,176
2016-09-10,Second Class,177
2014-12-26,First Class,178
2014-04-20,Standard Class,179
2017-12-29,Standard Class,180
2017-12-12,Standard Class,181
2017-11-07,Standard Class,182
2017-06-28,Standard Class,183
2016-04-18,Standard Class,184
2017-11-10,Standard Class,185
2017-03-09,Standard Class,186
2014-06-25,First Class,187
2017-10-23,Standard Class,188
2017-08-23,Second Class,189
2017-11-26,Second Class,190
2014-09-13,First Class,191
2017-10-08,Standard Class,192
2016-04-21,Standard Class,193
2016-06-07,First Class,194
2014-12-25,Standard Class,195
2016-06-14,Second Class,196
2017-09-19,Standard Class,197
2017-01-23,Second Class,198
2017-03-25,Second Class,199
2016-04-03,Second Class,200
2017-10-24,Standard Class,201
2014-02-18,Standard Class,202
2016-10-01,Standard Class,203
2015-12-22,Standard Class,204
2016-04-29,Standard Class,205
2015-01-24,Standard Class,206
2017-04-04,Standard Class,207
2014-11-11,Second Class,208
2016-07-19,Standard Class,209
2016-11-02,Standard Class,210
2016-07-02,Standard Class,211
2014-10-10,Standard Class,212
2017-06-13,First Class,213
2014-10-31,First Class,214
2014-06-13,Second Class,215
2016-05-14,Standard Class,216
2016-03-21,Second Class,217
2016-07-31,Standard Class,218
2016-06-04,Standard Class,219
2017-11-15,Second Class,220
2015-03-22,Standard Class,221
2017-11-27,First Class,222
2016-10-23,First Class,223
2017-12-25,Standard Class,224
2017-01-27,Standard Class,225
2015-03-26,Standard Class,226
2017-01-25,First Class,227
2016-05-23,First Class,228
2016-01-02,Standard Class,229
2017-10-26,Standard Class,230
2015-09-07,Standard Class,231
2015-11-09,Second Class,232
2017-09-11,Standard Class,233
2016-06-01,Second Class,234
2016-07-16,Standard Class,235
2017-09-08,Second Class,236
2015-12-08,Standard Class,237
2015-12-11,Standard Class,238
2014-02-03,First Class,239
2016-07-17,First Class,240
2015-12-23,Standard Class,241
2014-05-16,Standard Class,242
2017-11-22,First Class,243
2015-11-17,Second Class,244
2016-04-17,Second Class,245
2017-09-12,First Class,246
2017-07-03,Second Class,247
2014-03-07,Second Class,248
2016-06-15,Standard Class,249
2017-11-22,Second Class,250
2014-09-18,Second Class,251
2015-12-09,First Class,252
2017-12-10,First Class,253
2018-01-04,Standard Class,254
2016-11-07,Standard Class,255
2015-09-22,Second Class,256
2017-07-26,Standard Class,257
2015-09-14,Standard Class,258
2017-12-05,Standard Class,259
2015-07-09,Standard Class,260
2016-03-24,Standard Class,261
2014-01-13,Standard Class,262
2014-08-15,Standard Class,263
2016-07-16,First Class,264
2016-07-21,Standard Class,265
2014-03-19,Standard Class,266
2014-05-27,Standard Class,267
2016-05-01,First Class,268
2016-09-13,Second Class,269
2017-11-17,Second Class,270
2014-12-31,Standard Class,271
2015-12-03,Standard Class,272
2017-05-23,Standard Class,273
2017-12-21,Standard Class,274
2016-12-13,Second Class,275
2017-09-26,Second Class,276
2015-10-09,Second Class,277
2016-08-21,Standard Class,278
2016-05-25,Standard Class,279
2016-12-22,Standard Class,280
2017-08-03,Second Class,281
2017-06-15,Standard Class,282
2017-07-25,Standard Class,283
2018-01-05,Standard Class,284
2016-04-08,Standard Class,285
2016-12-16,Second Class,286
2016-10-29,Standard Class,287
2017-06-23,Standard Class,288
2016-08-28,Standard Class,289
2016-09-19,Same Day,290
2015-08-28,Standard Class,291
2016-03-30,Standard Class,292
2016-11-04,Same Day,293
2017-06-10,Second Class,294
2017-06-13,Standard Class,295
2017-06-22,Standard Class,296
2017-12-08,First Class,297
2017-03-23,Standard Class,298
2017-11-04,Same Day,299
2014-07-08,First Class,300
2014-06-23,Second Class,301
2015-04-02,Standard Class,302
2015-05-17,First Class,303
2017-09-08,Standard Class,304
2016-11-08,Second Class,305
2015-04-14,Standard Class,306
2014-12-04,First Class,307
2014-04-07,First Class,308
2017-09-07,Standard Class,309
2017-05-24,Standard Class,310
2014-07-06,Second Class,311
2014-01-14,First Class,312
2017-09-29,Standard Class,313
2014-06-07,Standard Class,314
2016-02-18,Standard Class,315
2016-12-19,Standard Class,316
2014-10-13,Standard Class,317
2016-07-12,Standard Class,318
2017-09-20,Standard Class,319
2016-12-06,First Class,320
2017-01-25,Standard Class,321
2014-01-08,Standard Class,322
2016-09-01,Standard Class,323
2014-05-27,Same Day,324
2016-03-22,Second Class,325
2017-10-06,Standard Class,326
2016-04-09,First Class,327
2015-12-12,Standard Class,328
2015-01-02,Standard Class,329
2017-07-28,Standard Class,330
2017-09-22,Standard Class,331
2015-09-05,Standard Class,332
2015-02-13,Standard Class,333
2014-01-15,Second Class,334
2014-05-20,Standard Class,335
2016-05-24,Standard Class,336
2017-02-05,Standard Class,337
2014-07-06,Standard Class,338
2015-08-23,First Class,339
2015-10-06,Second Class,340
2015-05-28,Standard Class,341
2017-03-21,Second Class,342
2015-12-16,Standard Class,343
2015-06-30,Standard Class,344
2016-05-20,Same Day,345
2014-09-26,Standard Class,346
2017-09-26,Standard Class,347
2015-12-26,First Class,348
2017-02-23,First Class,349
2016-08-23,Second Class,350
2016-03-17,Standard Class,351
2017-04-24,First Class,352
2014-11-07,Standard Class,353
2015-02-05,First Class,354
2014-10-15,First Class,355
2017-05-14,Same Day,356
2015-03-23,First Class,357
2016-09-19,Standard Class,358
2014-07-02,Standard Class,359
2017-06-27,Standard Class,360
2014-05-15,Standard Class,361
2017-08-28,Standard Class,362
2017-06-21,Second Class,363
2016-07-27,Standard Class,364
2014-09-13,Second Class,365
2017-11-11,Standard Class,366
2016-03-12,Standard Class,367
2015-11-25,Standard Class,368
2016-11-09,First Class,369
2015-10-17,Standard Class,370
2017-01-06,Standard Class,371
2014-02-12,Standard Class,372
2016-06-25,Second Class,373
2016-02-24,Standard Class,374
2014-08-08,Standard Class,375
2017-04-15,Standard Class,376
2014-06-16,Standard Class,377
2016-01-07,Second Class,378
2014-01-15,Standard Class,379
2016-10-02,First Class,380
2014-04-10,Standard Class,381
2016-09-05,First Class,382
2015-10-20,First Class,383
2014-12-15,Standard Class,384
2017-08-29,Standard Class,385
2016-01-21,Standard Class,386
2014-09-21,Standard Class,387
2017-12-02,Second Class,388
2015-10-13,Standard Class,389
2017-12-23,Same Day,390
2016-10-24,First Class,391
2014-05-04,Standard Class,392
2015-04-28,Second Class,393
2017-07-02,Standard Class,394
2017-10-19,Standard Class,395
2014-12-16,Standard Class,396
2017-06-26,Standard Class,397
2017-06-27,First Class,398
2016-11-12,First Class,399
2016-10-06,Second Class,400
2014-09-15,Standard Class,401
2017-10-31,Second Class,402
2016-04-12,First Class,403
2017-11-13,First Class,404
2016-04-12,Standard Class,405
2018-01-03,Standard Class,406
2015-06-07,Standard Class,407
2017-11-29,First Class,408
2014-06-21,Standard Class,409
2016-03-11,Standard Class,410
2014-12-12,Standard Class,411
2015-04-15,Standard Class,412
2016-09-20,Standard Class,413
2014-09-16,First Class,414
2015-10-09,Standard Class,415
2017-09-06,Standard Class,416
2016-06-24,Standard Class,417
2017-11-06,First Class,418
2015-12-17,Standard Class,419
2016-06-20,First Class,420
2016-12-20,Standard Class,421
2015-07-28,First Class,422
2017-12-02,Standard Class,423
2017-04-07,Standard Class,424
2018-01-01,Standard Class,425
2017-12-04,Standard Class,426
2017-05-18,Second Class,427
2015-09-22,Same Day,428
2017-11-19,Standard Class,429
2015-12-01,Standard Class,430
2016-09-04,First Class,431
2014-09-24,Second Class,432
2017-04-11,First Class,433
2014-01-18,Second Class,434
2017-10-08,Second Class,435
2017-07-15,Standard Class,436
2017-01-10,First Class,437
2016-05-31,First Class,438
2015-12-12,First Class,439
2016-10-08,Standard Class,440
2014-11-14,Second Class,441
2017-10-05,Standard Class,442
2015-03-10,Same Day,443
2017-05-26,Standard Class,444
2015-03-31,Second Class,445
2016-09-11,First Class,446
2016-08-27,First Class,447
2014-05-25,Standard Class,448
2015-11-03,Standard Class,449
2016-11-17,Standard Class,450
2015-07-31,Same Day,451
2015-08-31,Standard Class,452
2015-11-09,First Class,453
2017-08-03,First Class,454
2015-12-24,Second Class,455
2015-09-19,Second Class,456
2015-07-10,Standard Class,457
2015-05-03,Standard Class,458
2015-06-20,Standard Class,459
2017-12-20,First Class,460
2016-01-13,Second Class,461
2014-07-15,Standard Class,462
2016-11-22,First Class,463
2016-04-26,Standard Class,464
2015-06-14,First Class,465
2017-11-21,First Class,466
2016-09-09,Second Class,467
2017-07-12,First Class,468
2017-10-16,Standard Class,469
2016-03-13,Standard Class,470
2014-06-01,Second Class,471
2015-07-05,First Class,472
2015-04-08,Standard Class,473
2017-12-17,Standard Class,474
2016-12-01,Standard Class,475
2015-03-29,Standard Class,476
2015-04-21,Standard Class,477
2017-09-30,Second Class,478
2015-07-29,Standard Class,479
2016-05-02,Standard Class,480
2016-11-19,Standard Class,481
2016-09-30,First Class,482
2017-09-25,Second Class,483
2016-03-05,Standard Class,484
2016-08-12,Same Day,485
2016-08-20,Second Class,486
2017-06-10,Standard Class,487
2015-12-13,Standard Class,488
2017-01-26,Standard Class,489
2014-06-28,First Class,490
2016-06-17,First Class,491
2017-04-27,Standard Class,492
2016-10-27,Standard Class,493
2017-12-23,Second Class,494
2016-07-24,Second Class,495
2014-01-26,Standard Class,496
2015-03-07,Standard Class,497
2016-04-16,Standard Class,498
2016-12-07,First Class,499
2016-06-09,Standard Class,500
2016-12-11,Same Day,501
2016-11-15,Second Class,502
2015-04-04,Same Day,503
2015-05-14,Standard Class,504
2014-12-21,First Class,505
2016-07-07,Second Class,506
2017-07-04,Standard Class,507
2014-09-05,Second Class,508
2014-03-08,Standard Class,509
2014-05-08,Standard Class,510
2015-11-02,Same Day,511
2017-12-10,Second Class,512
2014-03-14,Standard Class,513
2014-04-25,Standard Class,514
2015-10-26,Standard Class,515
2015-08-25,First Class,516
2016-09-03,Standard Class,517
2014-12-30,Second Class,518
2016-12-05,Standard Class,519
2016-04-27,Second Class,520
2014-06-25,Standard Class,521
2017-01-15,First Class,522
2014-11-30,Standard Class,523
2017-02-28,Second Class,524
2015-09-15,Same Day,525
2016-07-24,Standard Class,526
2017-08-04,First Class,527
2016-07-18,Second Class,528
2017-09-13,Standard Class,529
2014-07-16,Standard Class,530
2016-12-05,First Class,531
2015-11-02,Second Class,532
2016-06-01,First Class,533
2016-10-28,Same Day,534
2016-09-04,Standard Class,535
2016-02-22,Standard Class,536
2017-05-21,Standard Class,537
2014-12-14,Second Class,538
2017-12-24,Standard Class,539
2017-03-14,Standard Class,540
2016-12-28,Second Class,541
2017-10-27,Standard Class,542
2016-11-04,Standard Class,543
2017-07-09,Second Class,544
2014-12-29,Standard Class,545
2017-09-27,Standard Class,546
2017-06-08,Standard Class,547
2016-05-26,Same Day,548
2016-05-07,Standard Class,549
2014-09-11,First Class,550
2016-09-06,First Class,551
2016-07-03,Standard Class,552
2015-07-08,Standard Class,553
2016-11-26,Standard Class,554
2015-09-01,Standard Class,555
2015-05-29,Standard Class,556
2016-12-12,Second Class,557
2015-10-07,First Class,558
2016-12-25,Second Class,559
2015-09-24,Second Class,560
2017-07-07,Standard Class,561
2016-07-16,Second Class,562
2016-06-21,First Class,563
2016-12-23,Standard Class,564
2014-07-05,Standard Class,565
2017-02-08,Standard Class,566
2017-03-08,Standard Class,567
2017-10-10,First Class,568
2014-05-30,First Class,569
2015-06-18,Standard Class,570
2016-04-01,First Class,571
2017-10-18,Second Class,572
2016-05-27,Standard Class,573
2017-06-06,Standard Class,574
2014-02-21,Standard Class,575
2014-05-10,Standard Class,576
2016-05-23,Standard Class,577
2017-04-02,Second Class,578
2017-01-04,First Class,579
2015-06-01,Standard Class,580
2014-03-24,Standard Class,581
2014-10-08,Second Class,582
2016-03-31,First Class,583
2017-05-09,Standard Class,584
2014-07-05,Same Day,585
2016-05-07,First Class,586
2017-04-27,First Class,587
2014-10-01,Second Class,588
2017-10-25,Standard Class,589
2017-11-11,First Class,590
2017-07-11,First Class,591
2015-12-28,Standard Class,592
2017-03-12,Standard Class,593
2014-04-06,Second Class,594
2015-09-19,Standard Class,595
2014-08-09,Second Class,596
2016-09-09,Standard Class,597
2016-02-05,Same Day,598
2017-07-04,First Class,599
2017-10-14,Standard Class,600
2016-11-26,First Class,601
2016-11-05,Standard Class,602
2016-04-25,Standard Class,603
2014-04-08,First Class,604
2016-09-06,Standard Class,605
2016-09-30,Standard Class,606
2016-07-13,Standard Class,607
2017-01-31,Second Class,608
2015-09-24,First Class,609
2015-11-04,Second Class,610
2017-11-30,Standard Class,611
2014-12-21,Second Class,612
2016-12-30,Standard Class,613
2015-10-15,Same Day,614
2017-04-15,Second Class,615
2017-12-24,Second Class,616
2017-08-08,First Class,617
2015-10-06,Standard Class,618
2016-05-28,Standard Class,619
2017-06-16,First Class,620
2014-04-24,First Class,621
2015-05-07,Standard Class,622
2015-07-20,First Class,623
2016-11-29,First Class,624
2015-08-21,Standard Class,625
2014-05-04,Same Day,626
2016-03-15,Standard Class,627
2016-08-28,First Class,628
2016-12-19,First Class,629
2014-08-14,Standard Class,630
2015-05-16,Same Day,631
2015-09-27,Second Class,632
2015-12-02,Same Day,633
2016-11-25,Standard Class,634
2017-03-24,Standard Class,635
2017-11-20,First Class,636
2016-12-08,Standard Class,637
2017-08-28,Second Class,638
2016-10-18,Standard Class,639
2014-12-03,Standard Class,640
2015-11-07,Standard Class,641
2014-12-06,Standard Class,642
2017-05-05,Second Class,643
2017-11-03,Standard Class,644
2014-12-19,Second Class,645
2016-10-20,First Class,646
2017-11-18,Standard Class,647
2015-08-07,Standard Class,648
2017-12-10,Same Day,649
2017-09-15,First Class,650
2017-07-01,Standard Class,651
2017-08-22,Standard Class,652
2017-12-14,Second Class,653
2014-02-06,Second Class,654
2017-02-14,Second Class,655
2017-04-21,Standard Class,656
2015-11-10,Second Class,657
2015-03-31,Standard Class,658
2017-09-05,Standard Class,659
2017-02-14,Standard Class,660
2014-03-16,Second Class,661
2014-02-08,Standard Class,662
2015-01-04,Second Class,663
2015-11-27,Standard Class,664
2017-11-18,Second Class,665
2016-06-22,Standard Class,666
2014-05-05,First Class,667
2017-10-21,Standard Class,668
2016-05-15,Standard Class,669
2015-03-18,Second Class,670
2014-04-09,Standard Class,671
2017-09-06,First Class,672
2017-06-30,Same Day,673
2015-11-09,Same Day,674
2014-03-04,Same Day,675
2015-03-25,Standard Class,676
2015-11-30,First Class,677
2017-06-11,Same Day,678
2014-11-25,First Class,679
2014-12-18,First Class,680
2016-03-01,First Class,681
2015-08-12,First Class,682
2016-05-16,Standard Class,683
2016-04-19,Standard Class,684
2015-06-25,Second Class,685
2014-10-19,Same Day,686
2015-03-27,First Class,687
2017-05-12,Standard Class,688
2017-10-18,First Class,689
2017-11-21,Second Class,690
2016-05-13,Second Class,691
2016-04-24,Second Class,692
2014-05-30,Standard Class,693
2016-03-19,Standard Class,694
2015-11-22,Standard Class,695
2017-06-25,Second Class,696
2016-05-08,Same Day,697
2014-12-02,Standard Class,698
2016-06-01,Standard Class,699
2014-12-04,Standard Class,700
2015-03-20,First Class,701
2015-11-03,First Class,702
2015-09-29,Second Class,703
2014-08-29,Same Day,704
2014-05-15,First Class,705
2017-11-06,Standard Class,706
2017-05-06,Standard Class,707
2016-11-26,Second Class,708
2015-01-15,Standard Class,709
2016-03-25,First Class,710
2014-09-13,Standard Class,711
2016-10-01,Second Class,712
2016-11-12,Standard Class,713
2017-12-12,First Class,714
2014-08-20,Standard Class,715
2016-06-29,Second Class,716
2014-06-07,Second Class,717
2015-07-15,Second Class,718
2014-02-06,Standard Class,719
2016-03-08,Same Day,720
2017-11-05,Standard Class,721
2015-02-04,Standard Class,722
2017-09-13,Second Class,723
2017-10-13,Standard Class,724
2016-05-04,Standard Class,725
2015-12-25,Standard Class,726
2015-12-20,First Class,727
2017-05-04,Second Class,728
2016-02-07,Same Day,729
2016-07-14,Standard Class,730
2017-08-01,Second Class,731
2015-09-09,Standard Class,732
2014-06-09,First Class,733
2016-08-17,Second Class,734
2014-04-29,Standard Class,735
2017-10-17,First Class,736
2017-12-05,First Class,737
2015-12-11,Second Class,738
2015-07-15,First Class,739
2014-05-17,Standard Class,740
2014-01-12,Standard Class,741
2016-08-08,Standard Class,742
2014-03-26,Standard Class,743
2016-11-29,Second Class,744
2014-05-03,Standard Class,745
2015-11-28,Standard Class,746
2016-11-16,Standard Class,747
2015-07-13,Standard Class,748
2015-02-19,Standard Class,749
2014-10-04,Standard Class,750
2014-12-03,First Class,751
2014-12-13,Standard Class,752
2016-09-10,Standard Class,753
2017-08-30,First Class,754
2016-07-11,Standard Class,755
2016-08-10,Second Class,756
2016-12-28,First Class,757
2016-02-13,First Class,758
2014-06-11,Second Class,759
2017-11-26,Standard Class,760
2015-09-18,Standard Class,761
2015-06-04,Same Day,762
2015-12-15,Second Class,763
2014-05-29,Standard Class,764
2016-02-20,Standard Class,765
2016-12-28,Standard Class,766
2016-02-11,Second Class,767
2014-05-24,Standard Class,768
2017-10-21,Same Day,769
2015-11-09,Standard Class,770
2017-08-07,Standard Class,771
2014-06-24,First Class,772
2017-02-21,Second Class,773
2014-08-05,Standard Class,774
2016-07-23,Standard Class,775
2015-02-11,Second Class,776
2017-08-02,Standard Class,777
2017-01-17,Second Class,778
2017-09-10,Same Day,779
2015-07-25,Second Class,780
2014-06-17,Standard Class,781
2017-05-15,Second Class,782
2015-09-05,First Class,783
2017-03-27,First Class,784
2014-11-12,Same Day,785
2016-10-17,Standard Class,786
2017-11-12,Same Day,787
2017-04-18,First Class,788
2015-07-01,Standard Class,789
2016-08-29,Second Class,790
2014-07-25,Standard Class,791
2017-11-25,Standard Class,792
2014-06-09,Standard Class,793
2016-03-16,Standard Class,794
2017-03-29,Standard Class,795
2018-01-02,Standard Class,796
2017-04-02,Standard Class,797
2015-03-05,Same Day,798
2016-04-26,Second Class,799
2014-10-22,First Class,800
2014-03-18,Standard Class,801
2016-11-29,Standard Class,802
2016-01-04,Standard Class,803
2017-10-06,First Class,804
2014-09-02,Second Class,805
2016-07-03,Second Class,806
2016-08-23,First Class,807
2017-10-22,First Class,808
2017-10-24,First Class,809
2016-05-21,Standard Class,810
2015-02-04,First Class,811
2017-12-23,Standard Class,812
2016-11-22,Standard Class,813
2017-07-06,Second Class,814
2014-01-17,First Class,815
2017-05-05,Standard Class,816
2015-11-14,Standard Class,817
2015-11-01,Second Class,818
2017-08-19,First Class,819
2016-07-10,Second Class,820
2017-12-07,Second Class,821
2017-03-13,Standard Class,822
2017-12-01,First Class,823
2017-03-18,Second Class,824
2017-08-10,Second Class,825
2017-12-03,Standard Class,826
2015-05-27,Second Class,827
2017-09-01,First Class,828
2016-06-26,Standard Class,829
2017-09-15,Second Class,830
2017-12-28,Standard Class,831
2017-05-11,Standard Class,832
2014-12-19,Standard Class,833
2014-10-20,Second Class,834
2015-05-12,Standard Class,835
2016-04-14,Same Day,836
2015-12-16,Second Class,837
2014-12-09,Standard Class,838
2014-11-27,Second Class,839
2016-07-27,First Class,840
2015-11-13,Standard Class,841
2017-02-28,Standard Class,842
2017-12-04,Second Class,843
2014-02-09,First Class,844
2017-04-18,Standard Class,845
2017-12-28,Second Class,846
2014-11-21,Standard Class,847
2015-12-11,Same Day,848
2015-03-23,Standard Class,849
2016-09-21,First Class,850
2017-08-22,Second Class,851
2015-03-15,First Class,852
2015-01-27,Standard Class,853
2015-06-23,Standard Class,854
2015-10-08,Standard Class,855
2014-08-23,Standard Class,856
2015-07-13,First Class,857
2016-12-07,Standard Class,858
2017-12-25,First Class,859
2014-11-04,Standard Class,860
2015-04-19,Standard Class,861
2016-07-23,Second Class,862
2017-11-12,Second Class,863
2014-12-05,Standard Class,864
2015-12-29,Standard Class,865
2017-03-01,Standard Class,866
2014-11-29,Standard Class,867
2016-06-28,Standard Class,868
2015-10-30,Standard Class,869
2017-07-19,Standard Class,870
2015-04-15,Second Class,871
2015-11-29,Standard Class,872
2016-05-20,Standard Class,873
2017-09-12,Standard Class,874
2014-03-17,Standard Class,875
2014-07-18,Same Day,876
2017-03-28,Second Class,877
2014-10-05,Standard Class,878
2014-09-26,Same Day,879
2015-10-31,Same Day,880
2015-10-17,Second Class,881
2017-04-15,First Class,882
2017-01-13,Standard Class,883
2017-09-24,Second Class,884
2014-06-28,Standard Class,885
2014-05-22,Second Class,886
2016-01-05,Standard Class,887
2017-11-16,Same Day,888
2014-06-11,Standard Class,889
2016-09-05,Standard Class,890
2016-06-29,Standard Class,891
2014-12-17,Standard Class,892
2017-04-05,Standard Class,893
2014-11-29,Second Class,894
2016-07-18,Standard Class,895
2016-05-05,Standard Class,896
2016-07-27,Second Class,897
2016-05-14,Same Day,898
2016-01-12,Standard Class,899
2017-03-19,Standard Class,900
2017-01-30,Second Class,901
2014-08-03,First Class,902
2016-08-04,Standard Class,903
2015-08-03,Second Class,904
2016-10-21,Standard Class,905
2016-05-11,Standard Class,906
2017-08-04,Second Class,907
2016-07-14,Same Day,908
2017-08-15,Standard Class,909
2016-12-06,Standard Class,910
2015-07-05,Standard Class,911
2016-09-12,Second Class,912
2014-07-20,Standard Class,913
2015-08-26,Standard Class,914
2014-11-16,Second Class,915
2016-11-30,First Class,916
2017-10-02,First Class,917
2017-08-01,Standard Class,918
2015-12-06,Same Day,919
2017-08-05,Standard Class,920
2017-08-03,Standard Class,921
2016-10-05,Standard Class,922
2014-04-05,Standard Class,923
2017-07-14,Standard Class,924
2017-12-10,Standard Class,925
2015-09-17,Second Class,926
2017-04-26,Standard Class,927
2016-11-17,Second Class,928
2015-02-18,Second Class,929
2015-10-01,First Class,930
2017-06-19,First Class,931
2015-12-18,Same Day,932
2017-02-09,First Class,933
2016-11-16,Second Class,934
2017-10-12,Same Day,935
2017-09-17,Same Day,936
2017-12-26,Standard Class,937
2015-09-27,Standard Class,938
2015-03-11,Standard Class,939
2014-07-01,Standard Class,940
2017-11-02,First Class,941
2015-03-09,Standard Class,942
2016-05-08,First Class,943
2017-06-05,Second Class,944
2017-01-11,First Class,945
2015-04-25,Standard Class,946
2015-11-05,Standard Class,947
2017-09-22,Second Class,948
2016-12-24,First Class,949
2015-08-08,First Class,950
2017-11-09,Standard Class,951
2017-06-12,First Class,952
2016-01-03,Second Class,953
2017-09-26,First Class,954
2016-09-26,Second Class,955
2017-03-25,Standard Class,956
2014-08-23,Same Day,957
2014-08-24,Standard Class,958
2016-11-15,Standard Class,959
2015-01-03,First Class,960
2014-07-30,Second Class,961
2016-02-28,Standard Class,962
2016-03-18,Standard Class,963
2017-12-03,Same Day,964
2015-09-02,First Class,965
2014-03-21,Standard Class,966
2014-11-26,Second Class,967
2017-02-13,First Class,968
2016-09-27,Standard Class,969
2016-07-11,Second Class,970
2017-01-30,Standard Class,971
2014-08-21,Second Class,972
2016-05-10,Standard Class,973
2017-03-26,First Class,974
2015-12-15,First Class,975
2015-12-10,Standard Class,976
2016-03-23,Standard Class,977
2015-11-19,Standard Class,978
2017-08-16,Second Class,979
2017-04-04,Second Class,980
2016-10-03,Standard Class,981
2017-10-11,Standard Class,982
2017-03-25,First Class,983
2014-08-06,Standard Class,984
2015-06-09,Second Class,985
2014-11-16,Standard Class,986
2017-01-02,Standard Class,987
2015-07-11,Standard Class,988
2017-10-18,Standard Class,989
2017-11-14,Standard Class,990
2016-04-23,Standard Class,991
2016-06-17,Standard Class,992
2017-05-20,Standard Class,993
2014-04-01,Standard Class,994
2017-06-01,Standard Class,995
2015-11-17,First Class,996
2017-07-10,Standard Class,997
2014-11-20,Second Class,998
2017-07-22,Standard Class,999
2015-10-01,Standard Class,1000
2016-11-06,Standard Class,1001
2017-03-22,Second Class,1002
2017-08-21,Standard Class,1003
2015-07-13,Second Class,1004
2017-12-09,Standard Class,1005
2017-05-08,Standard Class,1006
2016-11-06,First Class,1007
2017-06-25,Standard Class,1008
2017-12-31,Standard Class,1009
2017-09-03,Standard Class,1010
2015-10-13,Second Class,1011
2014-12-15,Second Class,1012
2014-11-23,Standard Class,1013
2014-06-22,Standard Class,1014
2017-06-23,First Class,1015
2014-07-27,Second Class,1016
2015-07-02,Same Day,1017
2016-11-23,Standard Class,1018
2015-04-19,First Class,1019
2017-12-06,Standard Class,1020
2014-09-10,Standard Class,1021
2014-11-22,Standard Class,1022
2017-05-07,Standard Class,1023
2014-10-29,Standard Class,1024
2014-08-21,Standard Class,1025
2017-08-18,Second Class,1026
2015-09-08,First Class,1027
2015-01-29,Second Class,1028
2015-07-16,Same Day,1029
2016-09-14,Standard Class,1030
2015-08-22,Standard Class,1031
2016-09-18,Standard Class,1032
2016-08-20,Standard Class,1033
2016-10-14,Standard Class,1034
2015-03-30,Standard Class,1035
2015-06-04,Standard Class,1036
2015-03-22,Second Class,1037
2017-12-24,First Class,1038
2017-11-03,Second Class,1039
2017-12-27,Same Day,1040
2017-07-21,Standard Class,1041
2016-08-15,Second Class,1042
2014-11-27,Standard Class,1043
2014-01-31,Standard Class,1044
2015-11-10,Standard Class,1045
2017-07-06,Standard Class,1046
2016-05-09,Standard Class,1047
2017-05-17,Standard Class,1048
2017-04-29,Standard Class,1049
2016-06-04,Same Day,1050
2014-12-21,Standard Class,1051
2016-03-10,Standard Class,1052
2014-12-06,Second Class,1053
2017-11-15,First Class,1054
2015-09-15,Standard Class,1055
2015-07-10,Second Class,1056
2015-08-19,Standard Class,1057
2017-06-18,Standard Class,1058
2015-02-25,Standard Class,1059
2016-12-30,First Class,1060
2016-04-21,Second Class,1061
2014-09-12,Second Class,1062
2017-09-21,Second Class,1063
2016-05-04,First Class,1064
2016-10-01,Same Day,1065
2015-08-30,Standard Class,1066
2014-06-21,Same Day,1067
2016-08-05,First Class,1068
2015-11-14,First Class,1069
2014-07-02,First Class,1070
2017-12-08,Standard Class,1071
2014-10-20,Standard Class,1072
2016-02-09,First Class,1073
2014-03-23,Standard Class,1074
2017-07-13,Second Class,1075
2017-06-21,Standard Class,1076
2015-02-06,Standard Class,1077
2015-12-15,Standard Class,1078
2017-10-11,First Class,1079
2015-12-06,Standard Class,1080
2014-12-08,Standard Class,1081
2014-12-08,Second Class,1082
2014-11-08,Second Class,1083
2016-04-19,Second Class,1084
2014-10-08,Standard Class,1085
2017-02-19,Standard Class,1086
2015-02-23,Second Class,1087
2016-02-27,Second Class,1088
2014-11-08,Standard Class,1089
2017-08-11,Second Class,1090
2014-08-11,Second Class,1091
2016-06-13,Second Class,1092
2014-05-29,First Class,1093
2017-10-14,First Class,1094
2017-01-18,First Class,1095
2015-04-07,Standard Class,1096
2016-10-25,Standard Class,1097
2015-07-19,Second Class,1098
2017-05-08,First Class,1099
2017-11-27,Standard Class,1100
2016-10-15,Standard Class,1101
2015-09-23,First Class,1102
2014-09-22,First Class,1103
2014-04-17,Standard Class,1104
2016-10-28,First Class,1105
2015-11-04,First Class,1106
2017-11-08,Standard Class,1107
2015-05-16,Standard Class,1108
2015-09-11,Standard Class,1109
2015-07-27,Second Class,1110
2015-11-18,Second Class,1111
2017-01-05,Standard Class,1112
2017-09-20,First Class,1113
2014-09-30,Standard Class,1114
2016-04-26,First Class,1115
2014-11-05,Standard Class,1116
2016-06-12,First Class,1117
2015-09-08,Second Class,1118
2017-09-04,Second Class,1119
2017-03-27,Standard Class,1120
2017-05-22,Standard Class,1121
2016-12-31,Standard Class,1122
2016-12-03,Standard Class,1123
2016-06-05,First Class,1124
2017-12-22,Standard Class,1125
2017-08-20,Same Day,1126
2017-07-31,Standard Class,1127
2016-08-29,First Class,1128
2017-08-17,Standard Class,1129
2017-08-13,Same Day,1130
2016-11-12,Second Class,1131
2017-11-22,Standard Class,1132
2017-12-31,First Class,1133
2016-01-23,Second Class,1134
2016-01-19,Standard Class,1135
2016-09-23,Second Class,1136
2014-02-25,Standard Class,1137
2016-02-03,Standard Class,1138
2016-10-22,Standard Class,1139
2017-12-19,First Class,1140
2014-05-01,Second Class,1141
2017-10-29,Standard Class,1142
2014-04-03,Standard Class,1143
2016-01-09,Standard Class,1144
2015-04-30,Standard Class,1145
2015-09-17,Standard Class,1146
2016-07-01,Standard Class,1147
2017-02-23,Standard Class,1148
2016-11-23,Same Day,1149
2017-01-30,Same Day,1150
2015-12-03,Second Class,1151
2014-07-04,Standard Class,1152
2014-09-05,First Class,1153
2017-07-14,Second Class,1154
2017-11-24,Standard Class,1155
2015-08-08,Same Day,1156
2016-12-12,Standard Class,1157
2017-03-31,Standard Class,1158
2016-11-05,First Class,1159
2017-12-18,Standard Class,1160
2016-08-24,Standard Class,1161
2017-05-01,Standard Class,1162
2017-11-09,Second Class,1163
2017-12-20,Standard Class,1164
2017-12-04,Same Day,1165
2014-01-16,Second Class,1166
2015-06-17,Standard Class,1167
2014-07-18,Standard Class,1168
2014-12-11,Second Class,1169
2016-05-30,Standard Class,1170
2016-02-26,Second Class,1171
2016-10-06,Standard Class,1172
2017-03-17,Standard Class,1173
2014-07-21,Standard Class,1174
2016-09-10,First Class,1175
2014-05-21,Standard Class,1176
2017-10-15,First Class,1177
2016-07-29,Standard Class,1178
2017-04-23,Standard Class,1179
2016-08-30,Standard Class,1180
2014-08-24,Same Day,1181
2016-03-28,Standard Class,1182
2017-09-21,Standard Class,1183
2015-06-16,Standard Class,1184
2017-09-12,Same Day,1185
2015-05-02,Second Class,1186
2017-11-10,Second Class,1187
2017-04-04,First Class,1188
2016-04-14,Second Class,1189
2017-10-24,Second Class,1190
2017-03-07,Standard Class,1191
2015-11-29,First Class,1192
2017-11-30,Same Day,1193
2016-01-05,First Class,1194
2014-07-24,Standard Class,1195
2017-09-05,First Class,1196
2017-06-02,Standard Class,1197
2014-02-03,Standard Class,1198
2016-03-08,Standard Class,1199
2015-08-23,Same Day,1200
2017-04-19,Standard Class,1201
2017-12-27,Second Class,1202
2015-06-12,First Class,1203
2014-12-17,First Class,1204
2014-08-26,First Class,1205
2015-04-28,First Class,1206
2014-12-12,Same Day,1207
2017-09-27,Second Class,1208
2017-02-13,Second Class,1209
2014-07-03,Second Class,1210
2016-06-10,First Class,1211
2015-12-18,First Class,1212
2017-07-24,Standard Class,1213
2014-08-05,Second Class,1214
2016-03-27,First Class,1215
2014-09-16,Second Class,1216
2016-10-31,First Class,1217
2016-06-03,Standard Class,1218
2017-12-26,Second Class,1219
2017-12-11,Standard Class,1220
2014-11-09,First Class,1221
2017-10-22,Second Class,1222
2016-01-01,Standard Class,1223
2014-09-04,First Class,1224
2016-08-13,Standard Class,1225
2015-07-10,Same Day,1226
2014-12-07,Standard Class,1227
2014-05-20,Second Class,1228
2016-01-15,Standard Class,1229
2014-12-28,Standard Class,1230
2017-07-10,First Class,1231
2014-10-05,First Class,1232
2017-09-05,Second Class,1233
2017-04-22,Standard Class,1234
2016-04-27,First Class,1235
2016-01-15,Same Day,1236
2016-05-02,Same Day,1237
2016-11-27,Standard Class,1238
2016-02-03,First Class,1239
2017-04-05,Second Class,1240
2017-12-12,Second Class,1241
2016-09-21,Standard Class,1242
2016-12-29,Standard Class,1243
2017-04-19,First Class,1244
2017-10-30,Second Class,1245
2015-08-14,Standard Class,1246
2016-12-14,Second Class,1247
2014-11-15,First Class,1248
2014-11-19,First Class,1249
2016-03-08,Second Class,1250
2014-10-15,Standard Class,1251
2014-07-19,Standard Class,1252
2015-12-29,Second Class,1253
2015-02-16,Standard Class,1254
2014-04-09,Second Class,1255
2014-10-06,Standard Class,1256
2017-02-25,Standard Class,1257
2014-12-30,Standard Class,1258
2014-08-18,First Class,1259
2017-10-03,First Class,1260
2015-05-30,Standard Class,1261
2015-01-01,Second Class,1262
2015-11-11,Standard Class,1263
2016-03-25,Second Class,1264
2014-10-01,Standard Class,1265
2015-07-27,Standard Class,1266
2014-11-15,Standard Class,1267
2017-08-22,First Class,1268
2016-09-01,Second Class,1269
2015-08-20,Standard Class,1270
2017-11-07,First Class,1271
2014-09-28,Standard Class,1272
2015-06-08,Second Class,1273
2015-12-20,Standard Class,1274
2014-02-02,First Class,1275
2016-03-25,Same Day,1276
2017-09-30,Standard Class,1277
2016-11-04,First Class,1278
2017-03-21,Standard Class,1279
2017-11-24,First Class,1280
2015-12-09,Second Class,1281
2017-03-30,Second Class,1282
2014-08-13,Standard Class,1283
2017-06-10,Same Day,1284
2017-07-08,Standard Class,1285
2014-11-26,Standard Class,1286
2015-05-05,First Class,1287
2017-06-05,Standard Class,1288
2015-10-17,Same Day,1289
2014-04-27,Standard Class,1290
2016-09-24,Standard Class,1291
2016-09-02,Same Day,1292
2015-09-13,Standard Class,1293
2015-09-28,Standard Class,1294
2017-12-09,First Class,1295
2015-09-29,First Class,1296
2017-10-30,Same Day,1297
2015-11-30,Same Day,1298
2014-03-14,Second Class,1299
2016-08-02,Standard Class,1300
2016-08-07,First Class,1301
2016-10-13,Standard Class,1302
2014-09-14,Standard Class,1303
2014-03-21,Second Class,1304
2015-03-02,Second Class,1305
2015-07-14,Standard Class,1306
2016-02-27,Standard Class,1307
2017-09-18,First Class,1308
2016-11-30,Standard Class,1309
2017-12-05,Second Class,1310
2017-11-17,Standard Class,1311
2017-03-10,Standard Class,1312
2014-09-05,Standard Class,1313
2016-12-14,Standard Class,1314
2014-04-10,First Class,1315
2014-08-29,First Class,1316
2016-10-26,Standard Class,1317
2016-11-30,Same Day,1318
2015-07-06,Standard Class,1319
2017-09-28,Standard Class,1320
2016-08-15,Standard Class,1321
2017-04-10,Same Day,1322
2014-06-24,Standard Class,1323
2016-12-24,Standard Class,1324
2016-08-12,First Class,1325
2015-06-25,First Class,1326
2016-11-25,Second Class,1327
2016-11-28,Standard Class,1328
2017-12-15,Second Class,1329
2015-09-23,Standard Class,1330
2016-05-28,Same Day,1331
2014-04-23,Standard Class,1332
2016-06-20,Second Class,1333
2014-05-09,Same Day,1334
2016-09-20,First Class,1335
2017-12-25,Second Class,1336
2017-11-01,First Class,1337
2016-04-02,Second Class,1338
2014-03-26,Second Class,1339
2017-09-09,Second Class,1340
2016-07-06,First Class,1341
2017-09-14,Standard Class,1342
2017-07-03,Same Day,1343
2017-08-12,Standard Class,1344
2015-03-24,Standard Class,1345
2016-06-11,Standard Class,1346
2017-10-07,Standard Class,1347
2017-12-21,First Class,1348
2016-12-07,Second Class,1349
2014-09-14,Second Class,1350
2017-06-30,Standard Class,1351
2014-11-24,Standard Class,1352
2017-08-27,Standard Class,1353
2016-03-16,Second Class,1354
2014-09-28,Second Class,1355
2016-12-01,Second Class,1356
2016-09-29,Standard Class,1357
2017-05-21,Second Class,1358
2017-05-08,Second Class,1359
2016-11-14,Standard Class,1360
2014-12-23,Second Class,1361
2017-12-11,Second Class,1362
2017-04-30,Standard Class,1363
2015-03-17,Standard Class,1364
2016-06-15,Second Class,1365
2017-07-09,Standard Class,1366
2016-04-14,Standard Class,1367
2015-12-09,Standard Class,1368
2016-10-20,Standard Class,1369
2015-11-21,Second Class,1370
2015-06-19,Standard Class,1371
2017-03-22,Standard Class,1372
2014-12-10,Second Class,1373
2017-04-05,First Class,1374
2017-03-11,Second Class,1375
2016-03-17,Same Day,1376
2014-10-24,Same Day,1377
2016-09-28,Second Class,1378
2017-08-29,Second Class,1379
2016-03-06,First Class,1380
2016-03-04,Standard Class,1381
2016-08-18,Second Class,1382
2017-03-02,Standard Class,1383
2016-03-25,Standard Class,1384
2015-12-10,Second Class,1385
2014-12-20,Second Class,1386
2016-12-21,Standard Class,1387
2016-05-17,Standard Class,1388
2014-04-13,Second Class,1389
2015-05-08,Standard Class,1390
2017-02-20,Standard Class,1391
2014-11-20,Standard Class,1392
2015-07-14,Second Class,1393
2017-11-16,Second Class,1394
2017-08-04,Standard Class,1395
2014-07-11,Standard Class,1396
2015-02-28,First Class,1397
2014-02-02,Standard Class,1398
2017-11-05,First Class,1399
2017-03-05,Same Day,1400
2016-07-08,Same Day,1401
2014-10-12,Standard Class,1402
2014-11-24,Same Day,1403
2014-04-15,Standard Class,1404
2014-08-02,Standard Class,1405
2014-06-12,Standard Class,1406
2017-11-27,Second Class,1407
2017-09-23,First Class,1408
2015-09-21,Same Day,1409
2017-10-28,Second Class,1410
2014-12-20,Same Day,1411
2017-02-22,Standard Class,1412
2014-07-29,Second Class,1413
2015-10-27,Second Class,1414
2014-07-12,Standard Class,1415
2017-02-02,Standard Class,1416
2014-11-28,Standard Class,1417
2015-01-08,Standard Class,1418
2015-11-20,Standard Class,1419
2015-10-07,Second Class,1420
2017-06-06,First Class,1421
2017-09-25,Standard Class,1422
2017-07-23,Standard Class,1423
2016-07-02,Second Class,1424
2016-03-17,First Class,1425
2016-12-10,Same Day,1426
2017-05-29,Second Class,1427
2016-06-30,Standard Class,1428
2016-05-21,Second Class,1429
2014-11-30,Second Class,1430
2017-01-19,Standard Class,1431
2016-06-02,Standard Class,1432
2015-10-24,Standard Class,1433
2017-02-20,First Class,1434
2016-09-28,Standard Class,1435
2014-11-17,Second Class,1436
2016-04-06,Standard Class,1437
2015-06-05,Standard Class,1438
2015-02-24,Second Class,1439
2016-04-02,Standard Class,1440
2014-12-27,Standard Class,1441
2016-07-09,Second Class,1442
2017-04-14,Standard Class,1443
2016-04-22,Standard Class,1444
2015-03-12,Standard Class,1445
2015-07-20,Second Class,1446
2015-12-27,Standard Class,1447
2014-06-27,Standard Class,1448
2017-10-28,First Class,1449
2017-08-13,First Class,1450
2016-12-12,Same Day,1451
2015-07-19,First Class,1452
2017-06-26,Second Class,1453
2015-11-24,Standard Class,1454
2015-09-20,First Class,1455
2016-03-14,Standard Class,1456
2014-06-26,First Class,1457
2016-08-31,First Class,1458
2015-12-08,Second Class,1459
2015-09-27,First Class,1460
2017-11-20,Standard Class,1461
2015-12-21,Second Class,1462
2015-12-24,First Class,1463
2017-09-09,First Class,1464
2016-08-06,Second Class,1465
2014-08-26,Standard Class,1466
2016-04-05,Standard Class,1467
2017-05-18,First Class,1468
2017-12-21,Same Day,1469
2017-08-13,Standard Class,1470
2016-08-26,Standard Class,1471
2015-09-07,Same Day,1472
2016-11-27,First Class,1473
2017-09-10,Standard Class,1474
2017-05-12,Same Day,1475
2014-05-18,Standard Class,1476
2017-07-31,Second Class,1477
2017-05-09,First Class,1478
2015-04-04,Standard Class,1479
2014-11-25,Standard Class,1480
2017-01-01,First Class,1481
2017-12-04,First Class,1482
2014-05-23,Standard Class,1483
2017-02-06,Standard Class,1484
2017-10-28,Standard Class,1485
2017-01-03,Standard Class,1486
2017-05-18,Standard Class,1487
2015-03-18,Standard Class,1488
2017-01-16,First Class,1489
2015-03-13,Standard Class,1490
2014-10-13,First Class,1491
2015-04-14,First Class,1492
2016-07-01,Same Day,1493
2014-04-12,Standard Class,1494
2016-06-18,Second Class,1495
2017-10-12,Standard Class,1496
2016-10-22,First Class,1497
2015-07-08,Same Day,1498
2015-06-22,Standard Class,1499
2015-04-23,Second Class,1500
2015-12-10,Same Day,1501
2014-11-02,Second Class,1502
2014-05-09,Second Class,1503
2015-02-22,Standard Class,1504
2017-04-03,First Class,1505
2017-06-13,Second Class,1506
2016-10-03,First Class,1507
2015-01-10,Standard Class,1508
2016-03-26,First Class,1509
2014-09-24,First Class,1510
2017-09-03,Second Class,1511
2017-03-28,First Class,1512
2016-04-05,First Class,1513
2014-03-30,Standard Class,1514
2016-12-05,Second Class,1515
2014-09-19,Same Day,1516
2015-10-23,Same Day,1517
2017-10-16,First Class,1518
2017-11-02,Second Class,1519
2017-08-11,Standard Class,1520
2016-11-09,Standard Class,1521
2017-06-29,Second Class,1522
2016-11-27,Second Class,1523
2017-07-21,Same Day,1524
2015-10-28,Standard Class,1525
2016-04-20,Standard Class,1526
2014-12-23,First Class,1527
2015-11-26,Second Class,1528
2015-05-21,Standard Class,1529
2017-12-13,Second Class,1530
2017-03-16,Standard Class,1531
2017-08-26,Second Class,1532
2014-08-25,Second Class,1533
2016-10-04,Same Day,1534
2014-10-30,Second Class,1535
2016-06-28,Same Day,1536
2014-11-11,Standard Class,1537
2015-08-02,Standard Class,1538
2015-01-03,Second Class,1539
2016-01-27,First Class,1540
2017-10-09,Standard Class,1541
2014-03-22,Same Day,1542
2017-03-22,First Class,1543
2016-09-25,Standard Class,1544
2017-11-29,Second Class,1545
2015-12-07,Second Class,1546
2017-12-11,Same Day,1547
2017-05-22,Second Class,1548
2017-07-25,Second Class,1549
2014-04-30,Standard Class,1550
2015-12-02,Second Class,1551
2016-09-12,Standard Class,1552
2014-07-20,Same Day,1553
2016-12-27,First Class,1554
2014-05-11,Standard Class,1555
2017-08-23,Standard Class,1556
2017-04-12,Second Class,1557
2014-12-24,Standard Class,1558
2014-03-09,Standard Class,1559
2017-05-19,First Class,1560
2017-09-14,Same Day,1561
2016-05-08,Standard Class,1562
2016-07-26,Standard Class,1563
2017-03-20,Standard Class,1564
2017-10-01,First Class,1565
2015-08-11,Standard Class,1566
2017-12-01,Standard Class,1567
2017-09-29,Same Day,1568
2017-10-22,Same Day,1569
2014-03-28,Standard Class,1570
2016-11-08,Standard Class,1571
2014-12-03,Second Class,1572
2017-05-29,Standard Class,1573
2016-09-08,First Class,1574
2016-11-01,Second Class,1575
2017-06-14,Standard Class,1576
2014-02-26,Standard Class,1577
2017-02-25,Second Class,1578
2014-11-06,Standard Class,1579
2017-09-10,Second Class,1580
2016-11-18,Standard Class,1581
2016-11-17,First Class,1582
2014-10-10,Same Day,1583
2015-03-02,Standard Class,1584
2017-03-31,First Class,1585
2015-07-17,Second Class,1586
2017-05-02,First Class,1587
2016-03-01,Second Class,1588
2015-03-26,First Class,1589
2015-01-05,Standard Class,1590
2014-05-08,First Class,1591
2014-12-14,Standard Class,1592
2014-04-21,Second Class,1593
2016-12-18,Standard Class,1594
2014-04-16,Standard Class,1595
2015-06-15,Standard Class,1596
2015-08-06,Standard Class,1597
2016-09-22,First Class,1598
2016-08-28,Second Class,1599
2017-11-04,Second Class,1600
2016-12-10,Second Class,1601
2015-07-20,Standard Class,1602
2015-05-29,Second Class,1603
2015-06-02,Standard Class,1604
2016-01-26,Second Class,1605
2015-09-07,Second Class,1606
2015-09-26,Standard Class,1607
2015-10-08,Second Class,1608
2017-08-08,Second Class,1609
2017-04-29,First Class,1610
2016-09-16,Standard Class,1611
2016-08-16,Standard Class,1612
2014-06-05,Standard Class,1613
2016-05-01,Standard Class,1614
2017-05-19,Standard Class,1615
2016-09-26,Standard Class,1616
2016-01-17,Standard Class,1617
2016-08-06,Standard Class,1618
2017-03-29,Second Class,1619
2016-12-01,Same Day,1620
2017-04-03,Standard Class,1621
2014-12-22,First Class,1622
2015-12-17,Same Day,1623
2016-05-18,First Class,1624
2017-06-30,First Class,1625
2014-03-31,Same Day,1626
2017-05-20,First Class,1627
2015-10-11,First Class,1628
2015-04-20,Second Class,1629
2016-05-22,Same Day,1630
2014-11-12,Standard Class,1631
2015-02-24,Standard Class,1632
2016-03-03,Same Day,1633
2016-12-25,First Class,1634
2016-10-09,First Class,1635
2017-01-04,Standard Class,1636
2015-04-28,Standard Class,1637
2015-03-12,First Class,1638
2017-06-03,Same Day,1639
2016-09-24,Second Class,1640
2014-11-03,Second Class,1641
2017-11-21,Standard Class,1642
2016-02-23,Second Class,1643
2014-07-10,First Class,1644
2017-02-01,Standard Class,1645
2015-07-04,Standard Class,1646
2015-08-17,Standard Class,1647
2016-05-19,Standard Class,1648
2017-07-17,Second Class,1649
2015-11-25,Second Class,1650
2015-12-30,First Class,1651
2016-11-19,Second Class,1652
2016-05-10,First Class,1653
2015-04-11,Standard Class,1654
2016-07-11,Same Day,1655
2017-10-10,Standard Class,1656
2017-06-03,First Class,1657
2017-10-04,Standard Class,1658
2014-04-05,First Class,1659
2015-07-26,Second Class,1660
2014-06-27,Second Class,1661
2015-01-17,Standard Class,1662
2017-12-19,Standard Class,1663
2014-04-16,Second Class,1664
2017-11-29,Standard Class,1665
2017-05-27,Standard Class,1666
2014-10-09,Standard Class,1667
2016-07-31,First Class,1668
2017-03-15,Standard Class,1669
2014-12-20,Standard Class,1670
2014-10-17,First Class,1671
2016-08-27,Standard Class,1672
2014-10-16,Second Class,1673
2014-11-23,Second Class,1674
2017-01-18,Standard Class,1675
2015-09-26,Second Class,1676
2017-10-11,Second Class,1677
2016-01-07,Standard Class,1678
2017-12-29,Second Class,1679
2017-09-13,First Class,1680
2014-09-03,First Class,1681
2017-03-30,Standard Class,1682
2015-10-04,Standard Class,1683
2015-03-21,Standard Class,1684
2014-01-18,Standard Class,1685
2015-06-13,Standard Class,1686
2015-03-20,Standard Class,1687
2014-03-08,First Class,1688
2016-05-19,Second Class,1689
2015-05-28,Second Class,1690
2015-08-05,Second Class,1691
2015-09-23,Second Class,1692
2015-09-10,Standard Class,1693
2014-09-03,Same Day,1694
2017-09-04,Standard Class,1695
2014-11-10,Standard Class,1696
2016-02-04,Standard Class,1697
2016-05-24,Same Day,1698
2016-10-12,Standard Class,1699
2014-05-02,Second Class,1700
2015-11-14,Second Class,1701
2017-05-13,First Class,1702
2014-11-18,First Class,1703
2014-09-07,Second Class,1704
2015-08-13,Second Class,1705
2015-07-12,First Class,1706
2016-11-13,Second Class,1707
2014-04-04,Standard Class,1708
2015-09-24,Standard Class,1709
2017-05-19,Same Day,1710
2015-01-08,Second Class,1711
2015-09-11,First Class,1712
2016-04-07,Standard Class,1713
2017-09-24,First Class,1714
2014-08-12,Standard Class,1715
2015-11-05,Same Day,1716
2017-04-29,Second Class,1717
2014-04-22,Second Class,1718
2017-08-07,First Class,1719
2015-05-27,Standard Class,1720
2015-08-12,Standard Class,1721
2014-03-17,Same Day,1722
2015-03-30,Second Class,1723
2017-04-26,First Class,1724
2014-10-22,Standard Class,1725
2015-11-13,Same Day,1726
2016-02-02,Second Class,1727
2017-07-29,Standard Class,1728
2015-10-03,Standard Class,1729
2014-04-08,Standard Class,1730
2014-09-14,Same Day,1731
2015-06-27,Standard Class,1732
2016-10-28,Standard Class,1733
2015-11-12,Standard Class,1734
2017-02-07,Standard Class,1735
2017-03-10,Second Class,1736
2017-09-28,First Class,1737
2017-07-04,Second Class,1738
2015-10-30,Second Class,1739
2016-11-23,Second Class,1740
2016-05-29,Second Class,1741
2015-03-10,First Class,1742
2016-11-08,First Class,1743
2017-09-27,First Class,1744
2015-10-15,Standard Class,1745
2015-01-18,Standard Class,1746
2015-05-16,Second Class,1747
2016-09-26,Same Day,1748
2017-04-17,Second Class,1749
2017-09-01,Same Day,1750
2014-06-20,Standard Class,1751
2014-12-01,Standard Class,1752
2017-08-23,First Class,1753
2017-08-08,Standard Class,1754
2016-07-26,First Class,1755
2016-08-04,Second Class,1756
2015-11-02,First Class,1757
2014-03-11,Second Class,1758
2015-03-07,Second Class,1759
2016-08-14,Standard Class,1760
2017-01-08,Standard Class,1761
2014-09-10,First Class,1762
2017-09-11,Same Day,1763
2017-01-16,Same Day,1764
2017-05-06,First Class,1765
2015-12-30,Standard Class,1766
2017-08-19,Standard Class,1767
2016-09-26,First Class,1768
2014-09-23,First Class,1769
2016-02-26,Standard Class,1770
2017-10-05,First Class,1771
2017-09-23,Second Class,1772
2015-01-22,Standard Class,1773
2014-01-08,Second Class,1774
2016-09-08,Standard Class,1775
2014-09-01,Standard Class,1776
2015-05-25,Standard Class,1777
2017-03-23,Second Class,1778
2017-12-16,Standard Class,1779
2014-05-19,Standard Class,1780
2014-08-11,Standard Class,1781
2017-06-10,First Class,1782
2014-01-21,Second Class,1783
2017-05-31,Standard Class,1784
2014-12-07,First Class,1785
2016-08-18,Standard Class,1786
2017-07-03,Standard Class,1787
2014-11-21,Second Class,1788
2016-09-24,Same Day,1789
2016-10-02,Standard Class,1790
2016-09-14,First Class,1791
2015-10-26,First Class,1792
2016-06-14,Same Day,1793
2014-09-07,First Class,1794
2016-04-09,Standard Class,1795
2015-04-23,Standard Class,1796
2016-08-31,Standard Class,1797
2017-05-02,Standard Class,1798
2017-09-06,Second Class,1799
2014-01-20,First Class,1800
2014-02-19,Second Class,1801
2016-06-14,Standard Class,1802
2014-09-27,First Class,1803
2017-12-26,Same Day,1804
2017-06-18,First Class,1805
2017-02-04,Standard Class,1806
2015-10-29,Standard Class,1807
2017-01-27,First Class,1808
2014-11-28,Same Day,1809
2017-06-16,Standard Class,1810
2016-10-08,Same Day,1811
2015-10-12,Standard Class,1812
2014-03-02,Standard Class,1813
2015-06-01,First Class,1814
2016-11-21,Second Class,1815
2016-12-12,First Class,1816
2017-04-28,Standard Class,1817
2015-05-10,First Class,1818
2015-04-20,Standard Class,1819
2016-12-25,Standard Class,1820
2017-09-08,First Class,1821
2014-12-01,First Class,1822
2017-10-06,Second Class,1823
2015-12-18,Standard Class,1824
2017-03-13,Same Day,1825
2016-12-16,Standard Class,1826
2017-09-14,Second Class,1827
2016-05-13,Standard Class,1828
2016-12-11,Second Class,1829
2014-10-18,Second Class,1830
2017-09-24,Same Day,1831
2015-09-29,Standard Class,1832
2014-10-03,Same Day,1833
2016-02-07,Standard Class,1834
2015-09-21,First Class,1835
2016-10-28,Second Class,1836
2014-02-15,Standard Class,1837
2015-12-06,First Class,1838
2016-04-05,Second Class,1839
2015-05-20,Second Class,1840
2017-07-19,Second Class,1841
2016-12-21,First Class,1842
2016-07-21,Same Day,1843
2015-06-11,Second Class,1844
2016-01-27,Standard Class,1845
2014-06-02,Standard Class,1846
2016-08-03,Standard Class,1847
2014-07-28,Same Day,1848
2016-05-07,Second Class,1849
2016-11-05,Same Day,1850
2015-05-15,Standard Class,1851
2017-07-31,Same Day,1852
2014-03-05,Standard Class,1853
2015-10-12,Second Class,1854
2014-09-27,Standard Class,1855
2017-07-02,First Class,1856
2014-07-03,Standard Class,1857
2014-01-25,Standard Class,1858
2016-02-10,Standard Class,1859
2015-04-03,Second Class,1860
2014-10-18,Standard Class,1861
2015-11-23,First Class,1862
2016-12-30,Same Day,1863
2017-08-15,First Class,1864
2015-11-05,First Class,1865
2015-09-12,Second Class,1866
2014-11-14,Standard Class,1867
2017-09-12,Second Class,1868
2015-03-01,Standard Class,1869
2015-04-09,Standard Class,1870
2017-04-14,Second Class,1871
2014-10-03,Second Class,1872
2014-07-14,First Class,1873
2015-03-24,First Class,1874
2016-02-11,Standard Class,1875
2015-07-03,First Class,1876
2015-06-17,First Class,1877
2014-11-26,Same Day,1878
2014-05-02,Same Day,1879
2015-07-22,Standard Class,1880
2015-04-03,Standard Class,1881
2015-11-21,Standard Class,1882
2017-09-07,Second Class,1883
2015-11-08,Standard Class,1884
2015-05-04,Second Class,1885
2016-05-04,Second Class,1886
2014-08-07,Second Class,1887
2016-01-08,Standard Class,1888
2017-06-04,Same Day,1889
2015-04-09,First Class,1890
2014-05-26,Standard Class,1891
2016-03-15,Second Class,1892
2014-10-17,Same Day,1893
2016-04-17,First Class,1894
2017-01-16,Standard Class,1895
2017-11-06,Same Day,1896
2014-08-26,Second Class,1897
2016-11-30,Second Class,1898
2017-07-09,First Class,1899
2016-07-04,Same Day,1900
2017-05-25,Standard Class,1901
2017-10-14,Second Class,1902
2014-08-29,Standard Class,1903
2015-09-18,Second Class,1904
2014-03-31,First Class,1905
2014-11-15,Second Class,1906
2014-11-13,Second Class,1907
2017-08-25,Standard Class,1908
2016-01-17,First Class,1909
2014-07-22,First Class,1910
2017-02-11,Standard Class,1911
2017-07-17,Standard Class,1912
2017-04-25,First Class,1913
2017-09-18,Second Class,1914
2016-07-25,Standard Class,1915
2016-01-03,Standard Class,1916
2016-03-11,First Class,1917
2014-10-10,Second Class,1918
2016-08-13,Same Day,1919
2016-11-21,First Class,1920
2016-11-15,First Class,1921
2017-07-06,Same Day,1922
2017-01-01,Standard Class,1923
2016-02-08,Standard Class,1924
2017-05-24,Second Class,1925
2016-06-16,Standard Class,1926
2016-08-20,First Class,1927
2015-01-03,Standard Class,1928
2015-04-16,Standard Class,1929
2015-12-30,Second Class,1930
2015-04-07,First Class,1931
2015-01-23,Standard Class,1932
2017-08-20,Standard Class,1933
2016-09-07,Standard Class,1934
2014-02-18,Same Day,1935
2017-12-31,Second Class,1936
2017-08-24,First Class,1937
2016-03-20,Standard Class,1938
2014-10-28,First Class,1939
2016-08-19,First Class,1940
2015-10-22,Standard Class,1941
2016-11-04,Second Class,1942
2015-04-20,First Class,1943
2014-12-26,Standard Class,1944
2016-04-11,First Class,1945
2017-04-23,First Class,1946
2016-08-05,Second Class,1947
2014-03-21,First Class,1948
2014-08-30,Second Class,1949
2016-12-24,Second Class,1950
2017-04-08,Standard Class,1951
2017-12-13,Same Day,1952
2017-12-03,First Class,1953
2016-10-24,Second Class,1954
2017-10-03,Standard Class,1955
2016-01-29,Standard Class,1956
2017-05-31,Second Class,1957
2014-04-07,Same Day,1958
2017-11-06,Second Class,1959
2015-08-17,Second Class,1960
2015-05-18,Standard Class,1961
2017-07-27,Standard Class,1962
2017-05-10,Standard Class,1963
2016-10-06,Same Day,1964
2015-10-04,Second Class,1965
2016-07-22,Second Class,1966
2017-05-16,Standard Class,1967
2016-10-31,Standard Class,1968
2015-04-26,Standard Class,1969
2014-09-19,First Class,1970
2015-01-01,Standard Class,1971
2014-10-26,Standard Class,1972
2017-06-20,Second Class,1973
2017-05-05,Same Day,1974
2016-11-06,Second Class,1975
2014-09-16,Standard Class,1976
2017-02-21,Standard Class,1977
2017-10-02,Standard Class,1978
2014-10-17,Standard Class,1979
2014-06-23,Standard Class,1980
2015-11-02,Standard Class,1981
2017-01-02,First Class,1982
2017-10-20,Same Day,1983
2015-05-06,Standard Class,1984
2017-01-28,Standard Class,1985
2016-10-07,Standard Class,1986
2016-11-21,Same Day,1987
2017-10-05,Second Class,1988
2016-10-10,First Class,1989
2014-04-13,Standard Class,1990
2014-02-04,Standard Class,1991
2015-02-11,Standard Class,1992
2017-11-04,Standard Class,1993
2017-05-31,First Class,1994
2015-12-05,Standard Class,1995
2017-09-02,Second Class,1996
2017-05-15,First Class,1997
2017-11-14,Second Class,1998
2017-08-21,Same Day,1999
2014-08-01,Standard Class,2000
2015-10-27,First Class,2001
2017-08-24,Standard Class,2002
2017-05-29,First Class,2003
2014-10-06,First Class,2004
2015-03-10,Standard Class,2005
2017-03-06,Second Class,2006
2015-12-23,Second Class,2007
2017-05-17,First Class,2008
2017-05-25,Second Class,2009
2015-09-02,Standard Class,2010
2014-06-10,Standard Class,2011
2016-03-20,Second Class,2012
2014-01-15,First Class,2013
2017-06-09,Standard Class,2014
2017-09-24,Standard Class,2015
2017-11-01,Second Class,2016
2015-07-28,Standard Class,2017
2016-10-11,Second Class,2018
2017-01-18,Second Class,2019
2014-02-27,Standard Class,2020
2014-10-23,First Class,2021
2017-11-19,First Class,2022
2015-08-01,First Class,2023
2015-11-03,Second Class,2024
2014-10-22,Second Class,2025
2015-06-10,Standard Class,2026
2017-04-02,First Class,2027
2014-05-12,Standard Class,2028
2017-02-08,Second Class,2029
2014-04-22,Standard Class,2030
2016-10-22,Same Day,2031
2016-08-11,Standard Class,2032
2014-03-26,First Class,2033
2015-05-11,Standard Class,2034
2016-05-31,Standard Class,2035
2016-06-19,First Class,2036
2014-09-09,First Class,2037
2016-05-08,Second Class,2038
2016-10-24,Same Day,2039
2017-05-06,Same Day,2040
2017-11-30,Second Class,2041
2017-08-09,Standard Class,2042
2017-09-11,First Class,2043
2017-02-27,Standard Class,2044
2015-08-10,Second Class,2045
2017-11-01,Standard Class,2046
2017-05-14,Second Class,2047
2015-09-16,Standard Class,2048
2014-10-14,Standard Class,2049
2017-03-15,Second Class,2050
2017-08-13,Second Class,2051
2017-10-02,Second Class,2052
2015-05-24,Standard Class,2053
2015-06-28,Standard Class,2054
2016-09-15,Standard Class,2055
2014-04-18,Standard Class,2056
2017-08-21,Second Class,2057
2017-12-14,Same Day,2058
2016-04-15,Standard Class,2059
2017-08-15,Second Class,2060
2015-06-20,First Class,2061
2014-07-07,First Class,2062
2016-04-17,Standard Class,2063
2014-05-31,Standard Class,2064
2017-07-11,Standard Class,2065
2015-02-20,Standard Class,2066
2017-06-18,Second Class,2067
2016-06-30,Second Class,2068
2016-07-26,Second Class,2069
2017-04-24,Standard Class,2070
2016-09-08,Second Class,2071
2017-07-28,Second Class,2072
2015-09-20,Standard Class,2073
2015-09-09,Second Class,2074
2015-08-25,Same Day,2075
2015-04-05,Standard Class,2076
2016-10-09,Standard Class,2077
2016-12-27,Second Class,2078
2016-09-08,Same Day,2079
2017-10-20,Standard Class,2080
2015-07-12,Standard Class,2081
2017-02-09,Standard Class,2082
2015-12-07,First Class,2083
2016-12-08,Second Class,2084
2015-12-19,First Class,2085
2015-12-05,Second Class,2086
2017-09-17,Standard Class,2087
2015-05-26,Second Class,2088
2017-07-24,Same Day,2089
2017-12-08,Second Class,2090
2017-05-20,Same Day,2091
2017-08-05,Second Class,2092
2016-04-18,Second Class,2093
2017-04-10,Standard Class,2094
2015-03-19,Second Class,2095
2014-06-15,Same Day,2096
2015-07-30,Standard Class,2097
2016-10-04,Standard Class,2098
2015-04-29,Standard Class,2099
2017-11-19,Same Day,2100
2015-10-03,First Class,2101
2017-11-10,Same Day,2102
2016-07-20,Second Class,2103
2015-10-20,Second Class,2104
2015-07-02,Standard Class,2105
2016-11-28,First Class,2106
2014-11-08,First Class,2107
2017-12-13,First Class,2108
2015-11-13,Second Class,2109
2015-08-25,Standard Class,2110
2014-03-13,Second Class,2111
2016-06-27,Second Class,2112
2014-08-27,Standard Class,2113
2017-02-12,Standard Class,2114
2016-12-23,Second Class,2115
2014-05-04,Second Class,2116
2016-08-16,First Class,2117
2016-12-31,Second Class,2118
2014-12-08,First Class,2119
2016-05-26,Standard Class,2120
2016-07-28,Standard Class,2121
2017-08-06,Second Class,2122
2017-06-19,Second Class,2123
2015-01-13,Standard Class,2124
2016-05-06,First Class,2125
2014-10-23,Second Class,2126
2017-02-17,Standard Class,2127
2016-09-29,Second Class,2128
2017-09-07,Same Day,2129
2015-12-27,Second Class,2130
2017-05-04,Standard Class,2131
2016-03-31,Second Class,2132
2015-05-18,Second Class,2133
2014-07-09,Standard Class,2134
2014-04-24,Second Class,2135
2014-07-24,Second Class,2136
2017-04-27,Second Class,2137
2014-01-07,First Class,2138
2016-12-30,Second Class,2139
2016-02-14,First Class,2140
2015-08-15,Standard Class,2141
2016-09-13,First Class,2142
2016-06-06,Standard Class,2143
2015-09-30,Second Class,2144
2015-05-06,First Class,2145
2017-01-31,Standard Class,2146
2017-03-15,First Class,2147
2014-12-10,First Class,2148
2016-07-10,Same Day,2149
2017-05-25,First Class,2150
2017-02-13,Standard Class,2151
2017-06-17,Standard Class,2152
2017-08-16,Same Day,2153
2016-01-20,Standard Class,2154
2016-07-21,First Class,2155
2015-02-27,Standard Class,2156
2014-09-07,Standard Class,2157
2016-01-31,First Class,2158
2015-05-31,Standard Class,2159
2015-02-14,Second Class,2160
2014-11-21,First Class,2161
2014-04-02,Standard Class,2162
2016-11-07,Second Class,2163
2017-06-14,Second Class,2164
2017-05-16,Second Class,2165
2016-11-13,First Class,2166
2017-10-30,Standard Class,2167
2015-04-17,Standard Class,2168
2015-07-21,First Class,2169
2014-03-07,Standard Class,2170
2016-01-02,Second Class,2171
2016-04-14,First Class,2172
2016-12-04,Standard Class,2173
2015-03-11,Second Class,2174
2014-11-01,Standard Class,2175
2017-01-09,Second Class,2176
2014-09-23,Standard Class,2177
2015-05-31,Same Day,2178
2014-09-30,Same Day,2179
2014-07-15,Second Class,2180
2016-09-13,Standard Class,2181
2017-08-10,Standard Class,2182
2015-05-19,Standard Class,2183
2017-01-21,First Class,2184
2014-07-24,First Class,2185
2017-06-03,Standard Class,2186
2015-07-31,Standard Class,2187
2014-02-19,Standard Class,2188
2015-03-27,Second Class,2189
2015-11-18,First Class,2190
2014-12-11,First Class,2191
2017-02-07,Second Class,2192
2017-11-14,First Class,2193
2015-04-18,First Class,2194
2015-04-14,Second Class,2195
2015-03-01,Second Class,2196
2014-09-20,Standard Class,2197
2016-07-03,First Class,2198
2014-01-10,Standard Class,2199
2016-09-03,Second Class,2200
2014-12-17,Second Class,2201
2017-09-16,Standard Class,2202
2017-07-18,Standard Class,2203
2017-03-30,Same Day,2204
2016-02-04,Second Class,2205
2017-09-26,Same Day,2206
2016-02-22,Second Class,2207
2016-09-07,First Class,2208
2014-05-14,Second Class,2209
2017-10-07,First Class,2210
2016-02-01,Second Class,2211
2014-11-07,Second Class,2212
2015-11-27,Second Class,2213
2015-08-16,First Class,2214
2014-09-22,Standard Class,2215
2017-12-27,First Class,2216
2014-02-24,First Class,2217
2015-02-11,First Class,2218
2015-08-28,Second Class,2219
2017-10-29,First Class,2220
2014-04-01,First Class,2221
2018-01-01,Second Class,2222
2016-10-07,First Class,2223
2015-03-27,Standard Class,2224
2014-04-15,Same Day,2225
2017-08-02,First Class,2226
2015-11-29,Second Class,2227
2017-05-09,Second Class,2228
2014-10-08,Same Day,2229
2015-01-07,Standard Class,2230
2015-05-01,First Class,2231
2015-02-21,Standard Class,2232
2017-07-17,First Class,2233
2016-03-22,Same Day,2234
2017-07-05,First Class,2235
2015-01-12,Standard Class,2236
2015-03-20,Second Class,2237
2017-09-21,First Class,2238
2017-08-06,Standard Class,2239
2015-06-02,Second Class,2240
2015-06-24,Standard Class,2241
2015-12-03,First Class,2242
2014-12-11,Standard Class,2243
2017-12-06,First Class,2244
2015-02-07,Standard Class,2245
2017-08-12,Same Day,2246
2015-08-26,First Class,2247
2016-08-01,Same Day,2248
2016-04-15,First Class,2249
2016-05-20,First Class,2250
2017-09-19,Same Day,2251
2015-07-18,Standard Class,2252
2014-03-29,Second Class,2253
2016-01-13,Standard Class,2254
2016-02-15,First Class,2255
2016-10-26,Second Class,2256
2015-05-01,Standard Class,2257
2015-01-28,Standard Class,2258
2015-04-17,Second Class,2259
2014-04-23,Second Class,2260
2016-03-02,Standard Class,2261
2016-05-06,Standard Class,2262
2014-06-01,First Class,2263
2017-03-06,Standard Class,2264
2016-06-21,Standard Class,2265
2017-12-06,Second Class,2266
2016-08-22,Standard Class,2267
2017-07-30,Standard Class,2268
2017-08-18,Standard Class,2269
2016-08-02,First Class,2270
2016-04-30,Second Class,2271
2017-08-27,First Class,2272
2015-07-08,Second Class,2273
2017-11-24,Second Class,2274
2017-07-27,First Class,2275
2016-03-27,Second Class,2276
2016-07-20,Standard Class,2277
2016-12-17,First Class,2278
2014-04-06,Standard Class,2279
2017-11-23,Second Class,2280
2016-10-12,First Class,2281
2014-01-07,Standard Class,2282
2017-01-25,Second Class,2283
2016-04-24,First Class,2284
2016-08-29,Standard Class,2285
2014-05-07,First Class,2286
2016-10-11,Standard Class,2287
2014-03-20,Second Class,2288
2015-06-23,First Class,2289
2017-05-25,Same Day,2290
2015-09-15,Second Class,2291
2016-01-11,Standard Class,2292
2015-06-28,First Class,2293
2015-09-22,First Class,2294
2017-07-02,Second Class,2295
2017-08-25,Second Class,2296
2016-12-17,Second Class,2297
2016-07-07,Standard Class,2298
2014-07-17,Second Class,2299
2015-09-04,Standard Class,2300
2015-06-29,Standard Class,2301
2015-11-01,Standard Class,2302
2015-08-09,First Class,2303
2015-12-14,Standard Class,2304
2017-11-13,Second Class,2305
2015-05-26,Standard Class,2306
2017-02-19,First Class,2307
2016-12-03,Second Class,2308
2017-10-07,Second Class,2309
2017-11-24,Same Day,2310
2014-07-23,First Class,2311
2014-11-13,Standard Class,2312
2014-01-29,First Class,2313
2015-10-03,Second Class,2314
2016-08-05,Standard Class,2315
2016-02-19,Standard Class,2316
2014-07-13,Standard Class,2317
2016-09-25,First Class,2318
2015-10-05,Second Class,2319
2017-09-09,Standard Class,2320
2015-11-08,Same Day,2321
2014-10-07,Standard Class,2322
2014-02-24,Standard Class,2323
2016-04-08,Second Class,2324
2015-05-10,Same Day,2325
2015-03-09,Second Class,2326
2016-06-26,Same Day,2327
2015-06-15,Second Class,2328
2016-02-25,Standard Class,2329
2017-05-10,First Class,2330
2015-12-26,Second Class,2331
2014-03-15,Standard Class,2332
2015-04-24,Standard Class,2333
2016-07-25,Same Day,2334
2017-04-16,Standard Class,2335
2017-07-24,Second Class,2336
2016-03-12,First Class,2337
2016-07-08,Standard Class,2338
2017-04-17,Standard Class,2339
2017-06-14,First Class,2340
2015-05-04,Standard Class,2341
2017-01-04,Second Class,2342
2017-02-02,First Class,2343
2015-11-18,Standard Class,2344
2016-03-19,Second Class,2345
2016-02-15,Standard Class,2346
2016-12-06,Second Class,2347
2014-06-30,Same Day,2348
2017-11-07,Second Class,2349
2015-04-18,Standard Class,2350
2016-11-15,Same Day,2351
2016-05-12,Second Class,2352
2017-05-11,First Class,2353
2016-08-30,First Class,2354
2015-10-07,Standard Class,2355
2017-11-25,First Class,2356
2016-12-21,Second Class,2357
2014-06-01,Standard Class,2358
2017-03-17,Second Class,2359
2014-04-30,First Class,2360
2016-05-29,Standard Class,2361
2017-06-02,Second Class,2362
2014-09-04,Standard Class,2363
2015-10-26,Second Class,2364
2015-10-30,Same Day,2365
2017-02-15,Standard Class,2366
2014-03-08,Second Class,2367
2015-03-03,Second Class,2368
2015-12-14,First Class,2369
2016-12-26,Standard Class,2370
2016-04-11,Standard Class,2371
2017-06-07,Second Class,2372
2017-03-16,Same Day,2373
2015-01-15,Second Class,2374
2015-06-11,Standard Class,2375
2015-12-23,First Class,2376
2016-03-31,Standard Class,2377
2015-09-12,First Class,2378
2015-07-24,Standard Class,2379
2014-06-03,Standard Class,2380
2016-12-11,First Class,2381
2015-03-22,Same Day,2382
2016-12-26,Second Class,2383
2016-04-06,Second Class,2384
2016-11-18,First Class,2385
2016-04-03,Same Day,2386
2015-10-22,First Class,2387
2017-08-30,Second Class,2388
2014-02-08,Second Class,2389
2015-05-22,Standard Class,2390
2017-02-01,First Class,2391
2014-12-31,Same Day,2392
2016-07-29,First Class,2393
2014-05-02,First Class,2394
2017-07-24,First Class,2395
2017-12-02,Same Day,2396
2015-12-08,First Class,2397
2014-09-13,Same Day,2398
2015-05-17,Standard Class,2399
2017-04-01,Second Class,2400
2015-12-25,Second Class,2401
2017-10-26,First Class,2402
2014-08-28,Second Class,2403
2015-03-05,Standard Class,2404
2017-07-16,Standard Class,2405
2017-11-20,Second Class,2406
2014-02-10,Second Class,2407
2016-07-25,First Class,2408
2015-10-04,First Class,2409
2015-06-19,First Class,2410
2017-09-10,First Class,2411
2016-02-06,Standard Class,2412
2016-09-13,Same Day,2413
2015-02-28,Standard Class,2414
2016-12-09,Second Class,2415
2015-03-04,First Class,2416
2016-04-10,Standard Class,2417
2014-05-10,First Class,2418
2015-01-01,First Class,2419
2017-10-31,Standard Class,2420
2015-12-22,First Class,2421
2015-06-09,Standard Class,2422
2014-10-09,First Class,2423
2016-08-24,Second Class,2424
2014-04-10,Second Class,2425
2016-02-13,Standard Class,2426
2015-07-04,First Class,2427
2014-10-13,Second Class,2428
2015-09-25,First Class,2429
2017-08-26,Standard Class,2430
2015-12-26,Standard Class,2431
2016-08-19,Standard Class,2432
2015-03-25,First Class,2433
2016-10-21,Second Class,2434
2016-09-18,First Class,2435
2015-08-09,Second Class,2436
2016-12-20,First Class,2437
2015-02-01,Standard Class,2438
2017-08-27,Same Day,2439
2015-12-19,Second Class,2440
2014-08-24,Second Class,2441
2014-08-10,Second Class,2442
2017-12-28,First Class,2443
2016-11-07,First Class,2444
2017-03-28,Standard Class,2445
2017-11-26,First Class,2446
2014-11-05,Second Class,2447
2015-10-24,Second Class,2448
2014-08-17,First Class,2449
2017-03-20,Same Day,2450
2014-06-22,Same Day,2451
2015-04-06,Same Day,2452
2017-11-18,Same Day,2453
2015-12-21,First Class,2454
2016-02-22,First Class,2455
2016-03-28,Second Class,2456
2014-12-18,Second Class,2457
2015-07-02,First Class,2458
2014-07-23,Standard Class,2459
2015-10-05,Standard Class,2460
2015-04-10,First Class,2461
2017-11-21,Same Day,2462
2016-11-13,Standard Class,2463
2017-12-20,Second Class,2464
2014-03-31,Second Class,2465
2016-06-18,Standard Class,2466
2015-11-21,First Class,2467
2016-03-06,Standard Class,2468
2017-05-30,Standard Class,2469
2016-09-05,Second Class,2470
2014-04-26,Standard Class,2471
2015-11-08,First Class,2472
2016-02-23,Standard Class,2473
2015-02-08,First Class,2474
2016-09-20,Second Class,2475
2015-07-03,Second Class,2476
2015-05-28,First Class,2477
2016-02-10,Second Class,2478
2017-01-24,Second Class,2479
2016-06-12,Standard Class,2480
2017-03-20,Second Class,2481
2016-11-28,Second Class,2482
2016-03-26,Second Class,2483
2014-02-09,Standard Class,2484
2014-09-08,Standard Class,2485
2016-08-03,Second Class,2486
2014-01-28,Standard Class,2487
2015-06-12,Standard Class,2488
2016-06-26,Second Class,2489
2016-04-21,Same Day,2490
2015-03-19,Standard Class,2491
2017-11-17,First Class,2492
2014-11-03,Same Day,2493
2017-07-26,First Class,2494
2017-02-14,First Class,2495
2014-07-14,Standard Class,2496
2014-02-15,Second Class,2497
2017-09-02,Same Day,2498
2015-09-25,Same Day,2499
2015-11-24,First Class,2500
2014-04-26,Second Class,2501
2014-09-25,First Class,2502
2017-03-02,Same Day,2503
2015-04-22,Second Class,2504
2015-11-11,Same Day,2505
2017-02-26,Standard Class,2506
2016-01-28,Second Class,2507
2014-08-25,First Class,2508
2014-06-13,Standard Class,2509
2015-05-31,First Class,2510
2014-12-27,Second Class,2511
2017-08-16,Standard Class,2512
2017-08-31,Standard Class,2513
2017-01-23,Standard Class,2514
2017-03-16,First Class,2515
2015-10-25,Same Day,2516
2014-03-17,First Class,2517
2016-03-14,Second Class,2518
2015-01-29,First Class,2519
2016-09-27,First Class,2520
2017-10-04,Second Class,2521
2014-09-17,Second Class,2522
2015-06-19,Same Day,2523
2015-08-23,Standard Class,2524
2014-12-31,Second Class,2525
2017-04-11,Standard Class,2526
2015-03-02,First Class,2527
2016-06-19,Second Class,2528
2014-11-22,Second Class,2529
2014-10-24,Standard Class,2530
2014-03-03,First Class,2531
2015-06-05,Second Class,2532
2015-06-24,Second Class,2533
2014-07-28,Standard Class,2534
2017-01-07,Standard Class,2535
2017-11-07,Same Day,2536
2014-04-07,Second Class,2537
2014-12-16,First Class,2538
2017-06-03,Second Class,2539
2015-08-26,Second Class,2540
2017-05-12,Second Class,2541
2016-02-09,Standard Class,2542
2017-03-25,Same Day,2543
2015-08-10,Standard Class,2544
2014-11-02,Standard Class,2545
2014-10-19,Second Class,2546
2016-05-05,First Class,2547
2015-06-08,Standard Class,2548
2017-07-07,First Class,2549
2015-09-24,Same Day,2550
2015-08-13,Same Day,2551
2017-09-16,First Class,2552
2017-06-27,Second Class,2553
2016-11-18,Same Day,2554
2016-08-01,Standard Class,2555
2017-01-29,Standard Class,2556
2017-05-11,Second Class,2557
2014-05-22,First Class,2558
2016-06-23,Standard Class,2559
2014-11-13,First Class,2560
2017-09-25,First Class,2561
2015-01-31,Second Class,2562
2014-03-12,Standard Class,2563
2014-03-30,Second Class,2564
2015-12-07,Same Day,2565
2017-04-06,Standard Class,2566
2015-08-15,First Class,2567
2017-09-28,Second Class,2568
2016-12-14,First Class,2569
2014-06-15,Second Class,2570
2016-03-11,Same Day,2571
2016-08-14,Second Class,2572
2016-05-31,Same Day,2573
2014-08-25,Standard Class,2574
2015-07-03,Standard Class,2575
2016-07-02,First Class,2576
2016-07-03,Same Day,2577
2014-07-30,Standard Class,2578
2015-05-13,Standard Class,2579
2014-11-05,Same Day,2580
2017-04-01,Standard Class,2581
2014-05-23,Second Class,2582
2014-08-19,Standard Class,2583
2014-06-06,First Class,2584
2017-01-20,Standard Class,2585
2015-03-28,Second Class,2586
2014-11-03,First Class,2587
2017-10-06,Same Day,2588
2017-04-21,First Class,2589
2016-08-25,Standard Class,2590
2014-08-13,First Class,2591
2014-01-27,Standard Class,2592
2017-03-20,First Class,2593
2016-07-28,Second Class,2594
2014-06-20,Second Class,2595
2016-06-10,Standard Class,2596
2015-09-15,First Class,2597
2015-10-12,First Class,2598
2016-09-04,Same Day,2599
2016-06-06,Second Class,2600
2014-03-06,Standard Class,2601
2014-11-17,Standard Class,2602
2015-03-22,First Class,2603
2015-07-26,Same Day,2604
2017-08-06,First Class,2605
2015-05-23,Standard Class,2606
2014-01-23,Second Class,2607
2017-03-03,Standard Class,2608
